8b2b26,127.0.0.1,GET,http://localhost:8000/async/dashboardnews,1413466682,59e4cf
ebac07,127.0.0.1,GET,http://localhost:8000/async/showstack?items=7&options=full,1413466682,59e4cf
5e4a53,127.0.0.1,GET,http://localhost:8000/async/latestactivity,1413466682,59e4cf
59e4cf,127.0.0.1,GET,http://localhost:8000/bolt/,1413466682,
ed143a,127.0.0.1,GET,http://localhost:8000/async/latestactivity,1413466702,
90e62f,127.0.0.1,GET,http://localhost:8000/,1413466704,
af36b4,127.0.0.1,GET,http://localhost:8000/theme/base-2014/images/1248941885,1413466704,
5a299f,127.0.0.1,GET,http://localhost:8000/favicon.ico,1413466706,
bbe594,127.0.0.1,GET,http://localhost:8000/entry/2,1413466711,
53affa,127.0.0.1,GET,http://localhost:8000/favicon.ico,1413466713,
315a40,127.0.0.1,GET,http://localhost:8000/favicon.ico,1413466715,
018f84,127.0.0.1,GET,http://localhost:8000/async/latestactivity,1413466732,
9f653f,127.0.0.1,GET,http://localhost:8000/theme/base-2014/images/1674798826,1413813594,
5c21fa,127.0.0.1,GET,http://localhost:8000/favicon.ico,1413813595,
04b68f,127.0.0.1,GET,http://localhost:8000/bolt,1413813626,
4600bb,127.0.0.1,GET,http://localhost:8000/async/dashboardnews,1413813628,b21b31
8ba6be,127.0.0.1,GET,http://localhost:8000/async/showstack?items=7&options=full,1413813628,b21b31
cb4107,127.0.0.1,GET,http://localhost:8000/async/latestactivity,1413813628,b21b31
b21b31,127.0.0.1,GET,http://localhost:8000/bolt/,1413813628,
b2b2ef,127.0.0.1,GET,http://localhost:8000/bolt/file/edit/app/config/config.yml,1413813635,
79f588,127.0.0.1,GET,http://localhost:8000/favicon.ico,1413813636,
02858f,127.0.0.1,GET,http://localhost:8000/bolt/dbcheck,1413813648,
e0ddaf,127.0.0.1,GET,http://localhost:8000/bolt/files/theme,1413813654,
632972,127.0.0.1,GET,http://localhost:8000/bolt/files/theme/hunslater,1413813658,
d38085,127.0.0.1,GET,http://localhost:8000/bolt/files/theme/,1413813663,
d4b2aa,127.0.0.1,GET,http://localhost:8000/bolt/files/theme/base-2014,1413813664,
db3246,127.0.0.1,GET,http://localhost:8000/bolt/file/edit/app/config/menu.yml,1413813670,
0904f2,127.0.0.1,GET,http://localhost:8000/favicon.ico,1413813671,
a82a01,127.0.0.1,GET,http://localhost:8000/bolt/file/edit/app/config/menu.yml,1413814110,
fb965d,127.0.0.1,GET,http://localhost:8000/async/dashboardnews,1413814137,6d1e89
7bbe78,127.0.0.1,GET,http://localhost:8000/async/showstack?items=7&options=full,1413814137,6d1e89
84cf7a,127.0.0.1,GET,http://localhost:8000/async/latestactivity,1413814137,6d1e89
6d1e89,127.0.0.1,GET,http://localhost:8000/bolt/,1413814137,
907125,127.0.0.1,GET,http://localhost:8000/async/dashboardnews,1413814149,6b4be9
5b0f2b,127.0.0.1,GET,http://localhost:8000/async/showstack?items=7&options=full,1413814149,6b4be9
031985,127.0.0.1,GET,http://localhost:8000/async/latestactivity,1413814149,6b4be9
6b4be9,127.0.0.1,GET,http://localhost:8000/bolt/,1413814149,
ba06ef,127.0.0.1,GET,http://localhost:8000/,1413814155,
714e49,127.0.0.1,GET,http://localhost:8000/theme/hunslater/images/216431103,1413814155,
f36850,127.0.0.1,GET,http://localhost:8000/favicon.ico,1413814155,
18c929,127.0.0.1,GET,http://localhost:8000/,1413814164,
d559f8,127.0.0.1,GET,http://localhost:8000/theme/hunslater/images/1827964148,1413814165,
f457d2,127.0.0.1,GET,http://localhost:8000/favicon.ico,1413814165,
0d6a35,127.0.0.1,GET,http://localhost:8000/async/latestactivity,1413814170,
85cc62,127.0.0.1,GET,http://localhost:8000/async/latestactivity,1413814201,
7b3938,127.0.0.1,GET,http://localhost:8000/async/lastmodified/entries,1413814205,20603b
c74b27,127.0.0.1,GET,http://localhost:8000/async/showstack?items=5&options=full,1413814205,20603b
20603b,127.0.0.1,GET,http://localhost:8000/bolt/overview/entries,1413814205,
96298f,127.0.0.1,GET,http://localhost:8000/async/lastmodified/pages,1413814208,66eaf1
d1a584,127.0.0.1,GET,http://localhost:8000/async/showstack?items=5&options=full,1413814208,66eaf1
66eaf1,127.0.0.1,GET,http://localhost:8000/bolt/overview/pages,1413814208,
db6fcb,127.0.0.1,GET,http://localhost:8000/async/lastmodified/kitchensink,1413814212,e17ca5
0cc64e,127.0.0.1,GET,http://localhost:8000/async/showstack?items=5&options=full,1413814212,e17ca5
e17ca5,127.0.0.1,GET,http://localhost:8000/bolt/overview/kitchensink,1413814212,
7cd7f8,127.0.0.1,GET,http://localhost:8000/bolt/file/edit/app/config/menu.yml,1413814230,
73ba21,127.0.0.1,GET,http://localhost:8000/favicon.ico,1413814230,
d16d97,127.0.0.1,GET,http://localhost:8000/bolt/file/edit/app/config/menu.yml,1413814282,
ed1c84,127.0.0.1,GET,http://localhost:8000/favicon.ico,1413814282,
d6fa3f,127.0.0.1,GET,http://localhost:8000/pages,1413814386,
7c1522,127.0.0.1,GET,http://localhost:8000/theme/hunslater/images/758817403,1413814386,
bc0da2,127.0.0.1,GET,http://localhost:8000/favicon.ico,1413814386,
083cbd,127.0.0.1,GET,http://localhost:8000/entry/2,1413814391,
60fa6c,127.0.0.1,GET,http://localhost:8000/favicon.ico,1413814392,
4667c7,127.0.0.1,GET,http://localhost:8000/favicon.ico,1413814395,
508fd6,127.0.0.1,GET,http://localhost:8000/bolt,1413814404,
c0ce24,127.0.0.1,GET,http://localhost:8000/async/dashboardnews,1413814404,da953b
a12b6f,127.0.0.1,GET,http://localhost:8000/async/showstack?items=7&options=full,1413814404,da953b
c2a2be,127.0.0.1,GET,http://localhost:8000/async/latestactivity,1413814404,da953b
da953b,127.0.0.1,GET,http://localhost:8000/bolt/,1413814404,
6af744,127.0.0.1,GET,http://localhost:8000/bolt/file/edit/app/config/menu.yml,1413814409,
647ad8,127.0.0.1,GET,http://localhost:8000/favicon.ico,1413814410,
